quality,model,tone_hz,largest_nonharmonic_spur_dbc,spur_hz,sample_peak
2x,Clean,997,-75.3,19231.2,1.0
1x,Naive hard clamp,997,-56.4,21081.3,1.0
2x,Clean,7000,-41.3,18999.8,1.0
1x,Naive hard clamp,7000,-32.9,12999.8,1.0
2x,Clean,15000,-32.7,21000.0,1.0
1x,Naive hard clamp,15000,-16.8,3000.0,1.0
2x,Perceptual,997,-84.6,23075.0,1.0
2x,Perceptual,7000,-48.9,18999.8,1.0
2x,Perceptual,15000,-35.6,21000.0,1.0
4x,Clean,997,-83.0,23075.0,1.0
4x,Clean,7000,-55.8,3000.0,1.0
4x,Clean,15000,-51.1,3000.0,1.0
4x,Perceptual,997,-84.6,23075.0,1.0
4x,Perceptual,7000,-73.9,3000.0,1.0
4x,Perceptual,15000,-66.8,3000.0,1.0
8x,Clean,997,-82.5,1141.1,1.0
8x,Clean,7000,-70.2,999.8,1.0
8x,Clean,15000,-57.0,21000.0,1.0
8x,Perceptual,997,-84.6,23075.0,1.0
8x,Perceptual,7000,-91.1,999.8,1.0
8x,Perceptual,15000,-78.0,21000.0,1.0
16x,Clean,997,-82.7,1141.1,1.0
16x,Clean,7000,-80.2,5000.2,1.0
16x,Clean,15000,-67.0,3000.0,1.0
16x,Perceptual,997,-84.6,23075.0,1.0
16x,Perceptual,7000,-109.6,9000.0,1.0
16x,Perceptual,15000,-89.9,3000.0,1.0
32x,Clean,997,-82.8,1141.1,1.0
32x,Clean,7000,-92.0,17000.2,1.0
32x,Clean,15000,-78.1,21000.0,1.0
32x,Perceptual,997,-84.6,23075.0,1.0
32x,Perceptual,7000,-121.3,6972.7,1.0
32x,Perceptual,15000,-110.0,21000.0,1.0
64x,Clean,997,-82.8,1141.1,1.0
64x,Clean,7000,-104.9,999.8,1.0
64x,Clean,15000,-91.9,3000.0,1.0
64x,Perceptual,997,-84.6,23075.0,1.0
64x,Perceptual,7000,-121.3,6972.7,1.0
64x,Perceptual,15000,-117.8,3000.0,1.0
